{
	"data": {
		"headerImg_aboutUs": [
			{
				"id": null,
				"plateId": null,
				"plateKey": null,
				"title": "页顶背景图",
				"subtitle": "",
				"profiles": "",
				"seatIndex": 1,
				"img": "./img/20170525103218425.jpg",
				"url": "",
				"productId": "",
				"yn": null
			}
		],
		"Joinus_aboutUs": [],
		"our_service_aboutUs": [],
		"summary_aboutUs": [
			{
				"id": null,
				"plateId": null,
				"plateKey": null,
				"title": "河北研云科技有限公司",
				"subtitle": "",
				"profiles": "研云科技成立于2017年，是一家以提供云计算、云服 务、大数据、专业IT服务产品研发、系统集成、IT战 略咨询于一体的高新技术企业，研云基于公共云计算技术，致力于为广大企业提供惠普的云计算、大数据产品。<br>\r\n<br>\r\n研云科技是腾讯云授权服务中心、是Cisco 华为   华三   绿盟等合作伙伴系统集成商。",
				"seatIndex": 1,
				"img": "upload/img/page/20170609185316080.jpg",
				"url": "",
				"productId": "",
				"yn": null
			}, {
				"id": null,
				"plateId": null,
				"plateKey": null,
				"title": "我们的服务",
				"subtitle": "",
				"profiles": "关于我们在做什么和努力方向的综述",
				"seatIndex": 2,
				"img": "",
				"url": "https://cloud.tencent.com/?fromSource=gwzcw.234976.234976.234976",
				"productId": "",
				"yn": null
			}, {
				"id": null,
				"plateId": null,
				"plateKey": null,
				"title": "加入我们",
				"subtitle": "",
				"profiles": "欢迎加入乘云大家庭",
				"seatIndex": 3,
				"img": "",
				"url": "joinUs.html",
				"productId": "",
				"yn": null
			}
		]
	},
	"success": true
}