{
	"data": {
		"logo_header": [
			{
				"id": "ab",
				"plateId": null,
				"plateKey": null,
				"title": "logo",
				"subtitle": "",
				"profiles": "",
				"seatIndex": 1,
				"img": "./img/logo.png",
				"url": "index.html",
				"productId": "",
				"yn": null
			},
			{
				"id": "ac",
				"plateId": null,
				"plateKey": null,
				"title": "logo",
				"subtitle": "",
				"profiles": "",
				"seatIndex": 1,
				"img": "./img/837410955390729674.png",
				"url": "index.html",
				"productId": "",
				"yn": null
			}
		],
		"contact_header": [
			{
				"id": null,
				"plateId": null,
				"plateKey": null,
				"title": "联系方式",
				"subtitle": "",
				"profiles": "电话：400-625-6690",
				"seatIndex": 1,
				"img": "upload/img/page/20170718145116312.png",
				"url": "",
				"productId": "",
				"yn": null
			}
		],
		"navigation_header": [
			 {
				"id": null,
				"plateId": null,
				"plateKey": null,
				"title": "首页",
				"subtitle": null,
				"profiles": null,
				"seatIndex": 2,
				"img": null,
				"url": "index.html",
				"productId": null,
				"yn": null
			}, {
				"id": null,
				"plateId": null,
				"plateKey": null,
				"title": "产品与服务",
				"subtitle": null,
				"profiles": null,
				"seatIndex": 3,
				"img": null,
				"url": "product.html",
				"productId": null,
				"yn": null
			}, {
				"id": null,
				"plateId": null,
				"plateKey": null,
				"title": "客户案例",
				"subtitle": null,
				"profiles": null,
				"seatIndex": 4,
				"img": null,
				"url": "customer.html",
				"productId": null,
				"yn": null
			}, {
				"id": null,
				"plateId": null,
				"plateKey": null,
				"title": "培训认证",
				"subtitle": "",
				"profiles": "",
				"seatIndex": 5,
				"img": "",
				"url": "index.html",
				"productId": "",
				"yn": null
			}, {
				"id": null,
				"plateId": null,
				"plateKey": null,
				"title": "新闻中心",
				"subtitle": "",
				"profiles": "",
				"seatIndex": 6,
				"img": "",
				"url": "index.html",
				"productId": "",
				"yn": null
			}, {
				"id": null,
				"plateId": null,
				"plateKey": null,
				"title": "关于我们",
				"subtitle": "",
				"profiles": "",
				"seatIndex": 7,
				"img": "",
				"url": "aboutUs.html",
				"productId": "",
				"yn": null
			}
		]
	},
	"success": true
}