{
	"data": {
		"banner_joinUs": [
			{
				"id": null,
				"plateId": null,
				"plateKey": null,
				"title": "banner1",
				"subtitle": "",
				"profiles": "",
				"seatIndex": 1,
				"img": "upload/img/page/20170718184737514.png",
				"url": "",
				"productId": "",
				"yn": null
			}
		],
		"article_joinUs": [
			{
				"id": null,
				"plateId": null,
				"plateKey": null,
				"title": "前台图",
				"subtitle": "",
				"profiles": " <img src=\"/upload/img/editor/20170719141323530.jpg\" title=\"20170719141323530.jpg\" alt=\"joinUs-cy.jpg\"/>",
				"seatIndex": 1,
				"img": "",
				"url": "",
				"productId": "",
				"yn": null
			}, {
				"id": null,
				"plateId": null,
				"plateKey": null,
				"title": "招聘1",
				"subtitle": "",
				"profiles": "<h2 style=\"margin: 0px; font-family: &quot;microsoft yahei&quot;, 微软雅黑; font-size: 30px; font-weight: normal; height: 100px; line-height: 100px; white-space: normal;\">\r\n    云计算销售经理\r\n</h2>\r\n<p class=\"job-pay\" style=\"margin-top: 0px; margin-bottom: 0px; font-family: &quot;microsoft yahei&quot;, 微软雅黑; font-size: 18px; max-width: 1180px; height: 50px; line-height: 30px; padding: 10px 0px; color: rgb(255, 143, 0); white-space: normal;\">\r\n    薪资待遇：高薪面议（石家庄）\r\n</p>\r\n<p style=\"margin-top: 0px; margin-bottom: 0px; font-family: &quot;microsoft yahei&quot;, 微软雅黑; font-size: 18px; max-width: 1180px; height: 50px; line-height: 30px; padding: 10px 0px; color: rgb(120, 120, 120); white-space: normal;\">\r\n    职位介绍：\r\n</p>\r\n<p style=\"margin-top: 0px; margin-bottom: 0px; font-family: &quot;microsoft yahei&quot;, 微软雅黑; font-size: 18px; max-width: 1180px; height: 50px; line-height: 30px; padding: 10px 0px; color: rgb(120, 120, 120); white-space: normal;\">\r\n    1、负责搜集新客户的资料并进行沟通，制定客户的发掘方案、拜访工作、开发新客户；\r\n</p>\r\n<p style=\"margin-top: 0px; margin-bottom: 0px; font-family: &quot;microsoft yahei&quot;, 微软雅黑; font-size: 18px; max-width: 1180px; height: 50px; line-height: 30px; padding: 10px 0px; color: rgb(120, 120, 120); white-space: normal;\">\r\n    2、通过与客户进行有效沟通了解客户需求，寻找销售机会并完成销售业绩；\r\n</p>\r\n<p style=\"margin-top: 0px; margin-bottom: 0px; font-family: &quot;microsoft yahei&quot;, 微软雅黑; font-size: 18px; max-width: 1180px; height: 50px; line-height: 30px; padding: 10px 0px; color: rgb(120, 120, 120); white-space: normal;\">\r\n    3、定期与合作客户进行沟通，简历良好的长期合作关系；\r\n</p>\r\n<p style=\"margin-top: 0px; margin-bottom: 0px; font-family: &quot;microsoft yahei&quot;, 微软雅黑; font-size: 18px; max-width: 1180px; height: 50px; line-height: 30px; padding: 10px 0px; color: rgb(120, 120, 120); white-space: normal;\">\r\n    要求：\r\n</p>\r\n<p style=\"margin-top: 0px; margin-bottom: 0px; font-family: &quot;microsoft yahei&quot;, 微软雅黑; font-size: 18px; max-width: 1180px; height: 50px; line-height: 30px; padding: 10px 0px; color: rgb(120, 120, 120); white-space: normal;\">\r\n    1、3-5年以上销售经验，大专以上学历，市场营销等专业；\r\n</p>\r\n<p style=\"margin-top: 0px; margin-bottom: 0px; font-family: &quot;microsoft yahei&quot;, 微软雅黑; font-size: 18px; max-width: 1180px; height: 50px; line-height: 30px; padding: 10px 0px; color: rgb(120, 120, 120); white-space: normal;\">\r\n    2、有云计算、硬件等销售经验者优先；\r\n</p>\r\n<p style=\"margin-top: 0px; margin-bottom: 0px; font-family: &quot;microsoft yahei&quot;, 微软雅黑; font-size: 18px; max-width: 1180px; height: 50px; line-height: 30px; padding: 10px 0px; color: rgb(120, 120, 120); white-space: normal;\">\r\n    3、具有优秀的沟通及抗压能力、强烈的责任心与成就动机；\r\n</p>\r\n<p style=\"margin-top: 0px; margin-bottom: 0px; font-family: &quot;microsoft yahei&quot;, 微软雅黑; font-size: 18px; max-width: 1180px; height: 50px; line-height: 30px; padding: 10px 0px; color: rgb(120, 120, 120); white-space: normal;\">\r\n    4、具备卓越的市场分析、判断能力，良好的客户服务及意识及数据敏感性；\r\n</p>\r\n<p style=\"margin-top: 0px; margin-bottom: 0px; font-family: &quot;microsoft yahei&quot;, 微软雅黑; font-size: 18px; max-width: 1180px; height: 50px; line-height: 30px; padding: 10px 0px; color: rgb(120, 120, 120); white-space: normal;\">\r\n    5、运维或者框架技术工作经历者、拥有ACP认证者优先；\r\n</p>\r\n<p style=\"margin-top: 0px; margin-bottom: 0px; font-family: &quot;microsoft yahei&quot;, 微软雅黑; font-size: 18px; max-width: 1180px; height: 50px; line-height: 30px; padding: 10px 0px; color: rgb(120, 120, 120); white-space: normal;\">\r\n    6、有阿里云、金山云、AWS、百度云、神州数码、白山云、微软、蓝云工作经验者优先；\r\n</p>\r\n<p style=\"margin-top: 0px; margin-bottom: 0px; font-family: &quot;microsoft yahei&quot;, 微软雅黑; font-size: 18px; max-width: 1180px; height: 50px; line-height: 30px; padding: 10px 0px; color: rgb(120, 120, 120); white-space: normal;\">\r\n    工作地址：河北省石家庄市裕华西路15号万象天成商务广场c座15层\r\n</p>\r\n<p>\r\n    <br/>\r\n</p>",
				"seatIndex": 2,
				"img": "",
				"url": "",
				"productId": "",
				"yn": null
			}, {
				"id": null,
				"plateId": null,
				"plateKey": null,
				"title": "招聘2",
				"subtitle": "",
				"profiles": "<h2 style=\"margin: 0px; font-family: &quot;microsoft yahei&quot;, 微软雅黑; font-size: 30px; font-weight: normal; height: 100px; line-height: 100px; white-space: normal;\">\r\n    售前客服专员\r\n</h2>\r\n<p class=\"job-pay\" style=\"margin-top: 0px; margin-bottom: 0px; font-family: &quot;microsoft yahei&quot;, 微软雅黑; font-size: 18px; max-width: 1180px; height: 50px; line-height: 30px; padding: 10px 0px; color: rgb(255, 143, 0); white-space: normal;\">\r\n    薪资待遇：7K（底薪4K+绩效考核3K）（石家庄）\r\n</p>\r\n<p style=\"margin-top: 0px; margin-bottom: 0px; font-family: &quot;microsoft yahei&quot;, 微软雅黑; font-size: 18px; max-width: 1180px; height: 50px; line-height: 30px; padding: 10px 0px; color: rgb(120, 120, 120); white-space: normal;\">\r\n    职位介绍：\r\n</p>\r\n<p style=\"margin-top: 0px; margin-bottom: 0px; font-family: &quot;microsoft yahei&quot;, 微软雅黑; font-size: 18px; max-width: 1180px; height: 50px; line-height: 30px; padding: 10px 0px; color: rgb(120, 120, 120); white-space: normal;\">\r\n    1、公司提供一手客户资源， 进行客户筛选，帮助销售找出有效客户；\r\n</p>\r\n<p style=\"margin-top: 0px; margin-bottom: 0px; font-family: &quot;microsoft yahei&quot;, 微软雅黑; font-size: 18px; max-width: 1180px; height: 50px; line-height: 30px; padding: 10px 0px; color: rgb(120, 120, 120); white-space: normal;\">\r\n    2、通过电话进行有效客户细分，联系关联为自己的有效客户，转给销售去跟进；\r\n</p>\r\n<p style=\"margin-top: 0px; margin-bottom: 0px; font-family: &quot;microsoft yahei&quot;, 微软雅黑; font-size: 18px; max-width: 1180px; height: 50px; line-height: 30px; padding: 10px 0px; color: rgb(120, 120, 120); white-space: normal;\">\r\n    要求：\r\n</p>\r\n<p style=\"margin-top: 0px; margin-bottom: 0px; font-family: &quot;microsoft yahei&quot;, 微软雅黑; font-size: 18px; max-width: 1180px; height: 50px; line-height: 30px; padding: 10px 0px; color: rgb(120, 120, 120); white-space: normal;\">\r\n    1、高中及以上学历；\r\n</p>\r\n<p style=\"margin-top: 0px; margin-bottom: 0px; font-family: &quot;microsoft yahei&quot;, 微软雅黑; font-size: 18px; max-width: 1180px; height: 50px; line-height: 30px; padding: 10px 0px; color: rgb(120, 120, 120); white-space: normal;\">\r\n    2、女：年龄18-28周岁；\r\n</p>\r\n<p style=\"margin-top: 0px; margin-bottom: 0px; font-family: &quot;microsoft yahei&quot;, 微软雅黑; font-size: 18px; max-width: 1180px; height: 50px; line-height: 30px; padding: 10px 0px; color: rgb(120, 120, 120); white-space: normal;\">\r\n    3、普通话标准流利，声音甜美，表达能力强，善于沟通，语言富有感染力；\r\n</p>\r\n<p style=\"margin-top: 0px; margin-bottom: 0px; font-family: &quot;microsoft yahei&quot;, 微软雅黑; font-size: 18px; max-width: 1180px; height: 50px; line-height: 30px; padding: 10px 0px; color: rgb(120, 120, 120); white-space: normal;\">\r\n    4、具有较强的学习能力，团队协作能力及配合意识；\r\n</p>\r\n<p style=\"margin-top: 0px; margin-bottom: 0px; font-family: &quot;microsoft yahei&quot;, 微软雅黑; font-size: 18px; max-width: 1180px; height: 50px; line-height: 30px; padding: 10px 0px; color: rgb(120, 120, 120); white-space: normal;\">\r\n    5、学计算机等相关专业、具有在客服中心、银行、保险等行业呼出经验和销售工作经验的优先考虑；\r\n</p>\r\n<p style=\"margin-top: 0px; margin-bottom: 0px; font-family: &quot;microsoft yahei&quot;, 微软雅黑; font-size: 18px; max-width: 1180px; height: 50px; line-height: 30px; padding: 10px 0px; color: rgb(120, 120, 120); white-space: normal;\">\r\n    6、有阿里云、金山云、AWS、百度云、神州数码、白山云、微软、蓝云客服专员工作经验者优先；\r\n</p>\r\n<p style=\"margin-top: 0px; margin-bottom: 0px; font-family: &quot;microsoft yahei&quot;, 微软雅黑; font-size: 18px; max-width: 1180px; height: 50px; line-height: 30px; padding: 10px 0px; color: rgb(120, 120, 120); white-space: normal;\">\r\n    工作地址：河北省石家庄市裕华西路15号万象天成商务广场c座15层\r\n</p>\r\n<p>\r\n    <br/>\r\n</p>",
				"seatIndex": 3,
				"img": "",
				"url": "",
				"productId": "",
				"yn": null
			}, {
				"id": null,
				"plateId": null,
				"plateKey": null,
				"title": "招聘3",
				"subtitle": "",
				"profiles": "<h2 style=\"margin: 0px; font-family: &quot;microsoft yahei&quot;, 微软雅黑; font-size: 30px; font-weight: normal; height: 100px; line-height: 100px; white-space: normal;\">\r\n    云计算CDN、IDC销售专员\r\n</h2>\r\n<p class=\"job-pay\" style=\"margin-top: 0px; margin-bottom: 0px; font-family: &quot;microsoft yahei&quot;, 微软雅黑; font-size: 18px; max-width: 1180px; height: 50px; line-height: 30px; padding: 10px 0px; color: rgb(255, 143, 0); white-space: normal;\">\r\n    薪资待遇：高薪面议（石家庄）云计算CDN、IDC销售专员\r\n</p>\r\n<p style=\"margin-top: 0px; margin-bottom: 0px; font-family: &quot;microsoft yahei&quot;, 微软雅黑; font-size: 18px; max-width: 1180px; height: 50px; line-height: 30px; padding: 10px 0px; color: rgb(120, 120, 120); white-space: normal;\">\r\n    职位介绍：\r\n</p>\r\n<p style=\"margin-top: 0px; margin-bottom: 0px; font-family: &quot;microsoft yahei&quot;, 微软雅黑; font-size: 18px; max-width: 1180px; height: 50px; line-height: 30px; padding: 10px 0px; color: rgb(120, 120, 120); white-space: normal;\">\r\n    1、负责CDN、IDC云计算业务的客户扩展与销售；\r\n</p>\r\n<p style=\"margin-top: 0px; margin-bottom: 0px; font-family: &quot;microsoft yahei&quot;, 微软雅黑; font-size: 18px; max-width: 1180px; height: 50px; line-height: 30px; padding: 10px 0px; color: rgb(120, 120, 120); white-space: normal;\">\r\n    2、负责根据客户要求与公司其他部门沟通、协调公司资源做好客户服务；\r\n</p>\r\n<p style=\"margin-top: 0px; margin-bottom: 0px; font-family: &quot;microsoft yahei&quot;, 微软雅黑; font-size: 18px; max-width: 1180px; height: 50px; line-height: 30px; padding: 10px 0px; color: rgb(120, 120, 120); white-space: normal;\">\r\n    3、负责市场和竞争对手信息的收藏和整理；\r\n</p>\r\n<p style=\"margin-top: 0px; margin-bottom: 0px; font-family: &quot;microsoft yahei&quot;, 微软雅黑; font-size: 18px; max-width: 1180px; height: 50px; line-height: 30px; padding: 10px 0px; color: rgb(120, 120, 120); white-space: normal;\">\r\n    要求：\r\n</p>\r\n<p style=\"margin-top: 0px; margin-bottom: 0px; font-family: &quot;microsoft yahei&quot;, 微软雅黑; font-size: 18px; max-width: 1180px; height: 50px; line-height: 30px; padding: 10px 0px; color: rgb(120, 120, 120); white-space: normal;\">\r\n    1、专科以上学历，计算机应用、云计算专业、网络相关专业；\r\n</p>\r\n<p style=\"margin-top: 0px; margin-bottom: 0px; font-family: &quot;microsoft yahei&quot;, 微软雅黑; font-size: 18px; max-width: 1180px; height: 50px; line-height: 30px; padding: 10px 0px; color: rgb(120, 120, 120); white-space: normal;\">\r\n    2、CDN、IDC或者云计算三年以上销售工作经验，有较强的市场拓展能力，抗压能力强；\r\n</p>\r\n<p style=\"margin-top: 0px; margin-bottom: 0px; font-family: &quot;microsoft yahei&quot;, 微软雅黑; font-size: 18px; max-width: 1180px; height: 50px; line-height: 30px; padding: 10px 0px; color: rgb(120, 120, 120); white-space: normal;\">\r\n    3、有良好的客户资源背景优先；\r\n</p>\r\n<p style=\"margin-top: 0px; margin-bottom: 0px; font-family: &quot;microsoft yahei&quot;, 微软雅黑; font-size: 18px; max-width: 1180px; height: 50px; line-height: 30px; padding: 10px 0px; color: rgb(120, 120, 120); white-space: normal;\">\r\n    4、有蓝汛、网宿、天地祥云、世纪互联、阿里云、金山云、AWS、百度云工作经验者优先；\r\n</p>\r\n<p style=\"margin-top: 0px; margin-bottom: 0px; font-family: &quot;microsoft yahei&quot;, 微软雅黑; font-size: 18px; max-width: 1180px; height: 50px; line-height: 30px; padding: 10px 0px; color: rgb(120, 120, 120); white-space: normal;\">\r\n    周末双休 &nbsp; 工作日09：00-18：00\r\n</p>\r\n<p style=\"margin-top: 0px; margin-bottom: 0px; font-family: &quot;microsoft yahei&quot;, 微软雅黑; font-size: 18px; max-width: 1180px; height: 50px; line-height: 30px; padding: 10px 0px; color: rgb(120, 120, 120); white-space: normal;\">\r\n    工作地址：河北省石家庄市裕华西路15号万象天成商务广场c座15层\r\n</p>\r\n<p style=\"margin-top: 0px; margin-bottom: 0px; font-family: &quot;microsoft yahei&quot;, 微软雅黑; font-size: 18px; max-width: 1180px; height: 50px; line-height: 30px; padding: 10px 0px; color: rgb(120, 120, 120); white-space: normal;\">\r\n   \r\n</p>\r\n<p>\r\n    <br/>\r\n</p>",
				"seatIndex": 4,
				"img": "",
				"url": "",
				"productId": "",
				"yn": null
			}
		]
	},
	"success": true
}