[
	{
		"id": 3,
		"productName": "研云云上服务",
		"productId": "1",
		"fName": "12",
		"fId": "0",
		"remark": "研云云上服务",
		"label": "1111",
		"attribute": "2222",
		"attrDesc": "2222",
		"level": 1,
		"img": null,
		"url": "subpage2.html?id=11",
		"children": [
			{
				"id": 1,
				"productName": "云计算",
				"productId": "11",
				"fName": null,
				"fId": "1",
				"remark": "网站数据迁移、服务器优化、数据库优化、解决方案、上云培训",
				"label": "专业、安全、稳定",
				"attribute": "相关服务",
				"attrDesc": "网站数据迁移、服务器优化、数据库优化、解决方案、上云培训",
				"level": 2,
				"img": "img/1.gif",
				"url": "subpage3.html?id=11",
				"children": [
					{
						"id": 2,
						"productName": "云服务器",
						"productId": "113",
						"fName": "1",
						"fId": "11",
						"remark": "云服务器（Elastic Compute Service，简称 ECS）是一种简单高效、处理能力可弹性伸缩的计算服务，帮助您快速构建更稳定、安全的应用，提升运维效率，降低 IT 成本，使您更专注于核心业务创新。",
						"label": "",
						"attribute": "",
						"attrDesc": "",
						"level": 3,
						"img": null,
						"url": "subpage2.html?id=1",
						"children": null
					}, {
						"id": 9,
						"productName": "云服务器",
						"productId": "111",
						"fName": null,
						"fId": "11",
						"remark": "GPU云服务器是基于GPU应用的计算服务，多适用于视频解码，图形渲染，深度学习，科学计算等应用场景，该产品具有实时高速，并行计算跟浮点计算能力强等特点。",
						"label": "",
						"attribute": "",
						"attrDesc": "",
						"level": 3,
						"img": "",
						"url": "subpage1.html?id=1111",
						"children": null
					}, {
						"id": 10,
						"productName": "高性能计算",
						"productId": "112",
						"fName": null,
						"fId": "11",
						"remark": "高性能计算 HPC 提供一种性能卓越、稳定、安全、便捷的计算服务，帮助您快速构建处理能力出色的应用，解放计算给服务带来的压力，使您的产品在计算效率上具有非凡竞争力。",
						"label": "",
						"attribute": "",
						"attrDesc": "",
						"level": 3,
						"img": null,
						"url": "subpage2.html?id=p1498616579361",
						"children": null
					}, {
						"id": 11,
						"productName": "SLB",
						"productId": "114",
						"fName": null,
						"fId": "11",
						"remark": "对多台云服务器进行流量分发的负载均衡服务，可以通过流量分发扩展应用系统对外的服务能力，通过消除单点故障提升应用系统的可用性",
						"label": "",
						"attribute": "",
						"attrDesc": "",
						"level": 3,
						"img": null,
						"url": "subpage1.html?id=p1498126361664",
						"children": null
					}, {
						"id": 12,
						"productName": "弹性伸缩",
						"productId": "115",
						"fName": null,
						"fId": "11",
						"remark": "弹性伸缩（Auto Scaling），是根据用户的业务需求和策略，经济地自动调整弹性计算资源的管理服务。弹性伸缩不仅适合业务量不断波动的应用程序， 同时也适合业务量稳定的应用程序。",
						"label": "",
						"attribute": "",
						"attrDesc": "",
						"level": 3,
						"img": null,
						"url": "subpage2.html?id=p1498619159894",
						"children": null
					}, {
						"id": 83,
						"productName": "批量计算",
						"productId": "116",
						"fName": null,
						"fId": "11",
						"remark": "批量计算（BatchCompute）是一种适用于大规模并行批处理作业的分布式云服务。BatchCompute可支持海量作业并发规模，系统自动完成资源管理，作业调度和数据加载，并按实际使用量计费。BatchCompute广泛应用于电影动画渲染、生物数据分析、多媒体转码、金融保险分析、科学计算等领域。",
						"label": null,
						"attribute": null,
						"attrDesc": null,
						"level": 3,
						"img": null,
						"url": "subpage2.html?id=p1498622784774",
						"children": null
					}
				]
			}, {
				"id": 6,
				"productName": "云安全",
				"productId": "12",
				"fName": null,
				"fId": "1",
				"remark": "网站数据迁移、服务器优化、数据库优化、解决方案、上云培训",
				"label": "快速、灵活、可靠",
				"attribute": "相关服务",
				"attrDesc": "网站数据迁移、服务器优化、数据库优化、解决方案、上云培训",
				"level": 2,
				"img": "img/2.gif",
				"url": "subpage2.html?id=121",
				"children": [
					{
						"id": 13,
						"productName": "DDoS高防IP",
						"productId": "121",
						"fName": null,
						"fId": "12",
						"remark": "云盾DDoS高防IP是针对互联网服务器（包括非阿里云主机）在遭受大流量的DDoS攻击后导致服务不可用的情况下，推出的付费增值服务，用户可以通过配置高防IP，将攻击流量引流到高防IP，确保源站的稳定可靠。",
						"label": "",
						"attribute": "",
						"attrDesc": "",
						"level": 3,
						"img": null,
						"url": "subpage2.html?id=p1498629272865",
						"children": null
					}, {
						"id": 14,
						"productName": "Web应用防火墙",
						"productId": "122",
						"fName": null,
						"fId": "12",
						"remark": "Web应用防火墙(Web Application Firewall, 简称 WAF), 是阿里基于10余年攻防经验完全自主研发的安全产品。其基于云安全大数据能力实现，通过防御SQL注入、XSS跨站脚本、常见Web服务器插件漏洞、木马上传、非授权核心资源访问等OWASP常见攻击，过滤海量恶意访问，避免您的网站资产数据泄露，保障网站的安全与可用性",
						"label": "",
						"attribute": "",
						"attrDesc": "",
						"level": 3,
						"img": null,
						"url": "subpage2.html?id=p1498632433318",
						"children": null
					}, {
						"id": 15,
						"productName": "加密服务",
						"productId": "123",
						"fName": null,
						"fId": "12",
						"remark": "加密服务 ( AliCloud Data Encryption Service ) 是云上的数据安全加密解决方案。服务底层使用经国家密码管理局检测认证的硬件密码机，通过虚拟化技术，帮助用户满足数据安全方面的监管合规要求，保护云上业务数据的隐私和机密。借助加密服务，用户能够对密钥进行安全可靠的管理，也能使用多种加密算法来对数据进行可靠的加解密运算。",
						"label": "",
						"attribute": "",
						"attrDesc": "",
						"level": 3,
						"img": null,
						"url": "subpage2.html?id=p1498634332628",
						"children": null
					}, {
						"id": 16,
						"productName": "云镜",
						"productId": "124",
						"fName": null,
						"fId": "12",
						"remark": "云镜是一款主机安全软件，通过安装在云服务器上轻量级的软件和云端安全中心的联动，为您提供漏洞管理、基线检查和入侵告警等功能。",
						"label": "",
						"attribute": "",
						"attrDesc": "",
						"level": 3,
						"img": null,
						"url": "subpage2.html?id=p1498635781360",
						"children": null
					}, {
						"id": 17,
						"productName": "安全咨询",
						"productId": "125",
						"fName": null,
						"fId": "12",
						"remark": "先知（安全情报）平台提供私密的安全众测服务，可帮助企业全面发现业务漏洞及风险，按效果付费。企业加入先知（安全情报）平台后，可自主发布奖励计划，激励先知平台的安全专家来测试和提交企业自身网站或业务系统的漏洞，保证安全风险可以快速进行响应和修复，防止造成更大的业务损失。相比传统渗透测试，先知具有测试效率高、测试人员多、测试效果好、性价比高等优势",
						"label": "",
						"attribute": "",
						"attrDesc": "",
						"level": 3,
						"img": null,
						"url": "subpage2.html?id=p1498636792692",
						"children": null
					}, {
						"id": 84,
						"productName": "态势感知",
						"productId": "126",
						"fName": null,
						"fId": "12",
						"remark": "收集企业20种原始日志和网络空间威胁情报，利用机器学习还原已发生的攻击，并预测未发生的攻击 ",
						"label": null,
						"attribute": null,
						"attrDesc": null,
						"level": 3,
						"img": null,
						"url": "subpage2.html?id=p1498637810138",
						"children": null
					}
				]
			}, {
				"id": 7,
				"productName": "云存储",
				"productId": "13",
				"fName": null,
				"fId": "1",
				"remark": "为大中小型企业提供企业级应用集成、交付、运维的一站式解决方案。 业务涵盖：云产品咨询推荐、全方位代维、架构设计与实施、私有云设计与实施、云业务咨询等。",
				"label": "海量、高效、便捷",
				"attribute": "相关服务",
				"attrDesc": "为大中小型企业提供企业级应用集成、交付、运维的一站式解决方案。 业务涵盖：云产品咨询推荐、全方位代维、架构设计与实施、私有云设计与实施、云业务咨询等。",
				"level": 2,
				"img": "img/3.jpg",
				"url": "subpage3.html?id=13",
				"children": [
					{
						"id": 18,
						"productName": "云数据库",
						"productId": "131",
						"fName": null,
						"fId": "13",
						"remark": "云数据库Redis版是兼容Redis协议标准的、提供持久化的内存数据库服务，基于高可靠双机热备架构及可无缝扩展的集群架构，满足高读写性能场景及容量需弹性变配的业务需求",
						"label": "",
						"attribute": "",
						"attrDesc": "",
						"level": 3,
						"img": null,
						"url": "subpage1.html?id=p1498533861255",
						"children": null
					}, {
						"id": 19,
						"productName": "云数据库( MySql)",
						"productId": "132",
						"fName": null,
						"fId": "13",
						"remark": "云数据库MongoDB版支持ReplicaSet和Sharding两种部署架构，具备安全审计，时间点备份等多项企业能力。在互联网、物联网、游戏、金融等领域被广泛采用。",
						"label": "",
						"attribute": "",
						"attrDesc": "",
						"level": 3,
						"img": null,
						"url": "subpage1.html?id=p1498553817632",
						"children": null
					}, {
						"id": 20,
						"productName": "对象存储",
						"productId": "133",
						"fName": null,
						"fId": "13",
						"remark": "海量、安全、低成本、高可靠的云存储服务，提供99.99999999%的数据可靠性。使用RESTful API 可以在互联网任何位置存储和访问，容量和处理能力弹性扩展，多种存储类型供选择全面优化存储成本。",
						"label": "",
						"attribute": "",
						"attrDesc": "",
						"level": 3,
						"img": null,
						"url": "subpage1.html?id=p1498557079952",
						"children": null
					}, {
						"id": 21,
						"productName": "CDN",
						"productId": "134",
						"fName": null,
						"fId": "13",
						"remark": "将源站内容分发至最接近用户的节点，使用户可就近取得所需内容，提高用户访问的响应速度和成功率。解决因分布、带宽、服务器性能带来的访问延迟问题，适用于站点加速、点播、直播等场景。",
						"label": "",
						"attribute": "",
						"attrDesc": "",
						"level": 3,
						"img": null,
						"url": "subpage1.html?id=p1498558278605",
						"children": null
					}, {
						"id": 22,
						"productName": "文件存储 NAS",
						"productId": "135",
						"fName": null,
						"fId": "13",
						"remark": "阿里云文件存储（Network Attached Storage，简称NAS）是面向阿里云ECS实例、HPC和Docker的文件存储服务，提供标准的文件访问协议，用户无需对现有应用做任何修改，即可使用具备无限容量及性能扩展、单一命名空间、多共享、高可靠和高可用等特性的分布式文件系统。",
						"label": "",
						"attribute": "",
						"attrDesc": "",
						"level": 3,
						"img": null,
						"url": "subpage2.html?id=p1498639770088",
						"children": null
					}, {
						"id": 85,
						"productName": "块存储",
						"productId": "136",
						"fName": null,
						"fId": "13",
						"remark": "块存储（Block Storage），是阿里云为云服务器ECS提供的低时延、持久性、高可靠的数据块级随机存储。块存储支持在可用区内自动复制您的数据，防止意外的硬件故障导致数据不可用，以保护您的业务免于组件故障的威胁。就像对待硬盘一样，您可以对挂载到ECS实例上的块存储做格式化、创建文件系统等操作，并对数据持久化存储。",
						"label": null,
						"attribute": null,
						"attrDesc": null,
						"level": 3,
						"img": null,
						"url": "subpage2.html?id=p1498642188152",
						"children": null
					}
				]
			}, {
				"id": 8,
				"productName": "云服务",
				"productId": "14",
				"fName": null,
				"fId": "1",
				"remark": "专业云架构师为您出谋划策，全程陪同，为您的顺利上云保驾护航。",
				"label": "方便、及时、有效",
				"attribute": "相关服务",
				"attrDesc": "专业云架构师为您出谋划策，全程陪同，为您的顺利上云保驾护航。",
				"level": 2,
				"img": "img/1.gif",
				"url": "subpage3.html?id=14",
				"children": [
					{
						"id": 30,
						"productName": "数据库服务",
						"productId": "141",
						"fName": null,
						"fId": "14",
						"remark": "在规划及解决数据库系统的过程中，上海驻云会站在整体系统的高度，为用户提供统一的综合技术支持和维护。",
						"label": null,
						"attribute": null,
						"attrDesc": null,
						"level": 4,
						"img": null,
						"url": "subpage3.html?id=141",
						"children": null
					}, {
						"id": 31,
						"productName": "一站式运维",
						"productId": "142",
						"fName": null,
						"fId": "14",
						"remark": "个人/企业级应用集成、交付、运维的一站式解决方案",
						"label": null,
						"attribute": null,
						"attrDesc": null,
						"level": 4,
						"img": null,
						"url": "subpage3.html?id=142",
						"children": null
					}, {
						"id": 32,
						"productName": "架构设计",
						"productId": "143",
						"fName": null,
						"fId": "14",
						"remark": "移动APP上云迁移",
						"label": null,
						"attribute": null,
						"attrDesc": null,
						"level": 4,
						"img": null,
						"url": "subpage3.html?id=143",
						"children": null
					}, {
						"id": 33,
						"productName": "安全评测",
						"productId": "144",
						"fName": null,
						"fId": "14",
						"remark": "提供阿里云上系统性能评估，通过模拟海量用户真实的业务操作请求，确认系统能承载的最大压力，并提供针对性的系统调优方案，保障企业应用性能，稳定性及可扩展性",
						"label": null,
						"attribute": null,
						"attrDesc": null,
						"level": 4,
						"img": null,
						"url": "subpage3.html?id=144",
						"children": null
					}, {
						"id": 34,
						"productName": "上云迁移",
						"productId": "145",
						"fName": null,
						"fId": "14",
						"remark": "研云云计算提供完整的端到端云迁移解决方案，将企业客户的系统和数据平滑迁移至阿里公共云",
						"label": null,
						"attribute": null,
						"attrDesc": null,
						"level": 4,
						"img": null,
						"url": "subpage3.html?id=145",
						"children": null
					}, {
						"id": 35,
						"productName": "产品研发",
						"productId": "146",
						"fName": null,
						"fId": "14",
						"remark": "多年经验高级运维工程师为您的web网站运行环境进行配置。可配置PHP环境，搭建java环境等。",
						"label": null,
						"attribute": null,
						"attrDesc": null,
						"level": 4,
						"img": null,
						"url": "subpage3.html?id=146",
						"children": null
					}
				]
			}
		]
	}, {
		"id": 9,
		"productName": "研云系统集成产品",
		"productId": "14",
		"fName": "12",
		"fId": "0",
		"remark": "研云系统集成产品",
		"label": "1111",
		"attribute": "2222",
		"attrDesc": "2222",
		"level": 1,
		"img": null,
		"url": "subpage2.html?id=11",
		"children": [
			{
				"id": 1,
				"productName": "数通产品",
				"productId": "11",
				"fName": null,
				"fId": "1",
				"remark": "数通产品系统集成",
				"label": "专业、安全、稳定",
				"attribute": "相关服务",
				"attrDesc": "数通产品系统集成",
				"level": 2,
				"img": "img/1.gif",
				"url": "subpage3.html?id=11",
				"children": [
					{
						"id": 2,
						"productName": "思科全系列产品",
						"productId": "11",
						"fName": "1",
						"fId": "11",
						"remark": "云服务器（Elastic Compute Service，简称 ECS）是一种简单高效、处理能力可弹性伸缩的计算服务，帮助您快速构建更稳定、安全的应用，提升运维效率，降低 IT 成本，使您更专注于核心业务创新。",
						"label": "",
						"attribute": "",
						"attrDesc": "",
						"level": 3,
						"img": null,
						"url": "subpage2.html?id=1",
						"children": null
					}, {
						"id": 9,
						"productName": "华为全系列产品",
						"productId": "111",
						"fName": null,
						"fId": "11",
						"remark": "GPU云服务器是基于GPU应用的计算服务，多适用于视频解码，图形渲染，深度学习，科学计算等应用场景，该产品具有实时高速，并行计算跟浮点计算能力强等特点。",
						"label": "",
						"attribute": "",
						"attrDesc": "",
						"level": 3,
						"img": "",
						"url": "subpage1.html?id=1111",
						"children": null
					}, {
						"id": 10,
						"productName": "华三全系列产品",
						"productId": "112",
						"fName": null,
						"fId": "11",
						"remark": "高性能计算 HPC 提供一种性能卓越、稳定、安全、便捷的计算服务，帮助您快速构建处理能力出色的应用，解放计算给服务带来的压力，使您的产品在计算效率上具有非凡竞争力。",
						"label": "",
						"attribute": "",
						"attrDesc": "",
						"level": 3,
						"img": null,
						"url": "subpage2.html?id=p1498616579361",
						"children": null
					}
				]
			}, {
				"id": 6,
				"productName": "硬件服务器",
				"productId": "12",
				"fName": null,
				"fId": "1",
				"remark": "硬件服务器",
				"label": "快速、灵活、可靠",
				"attribute": "相关服务",
				"attrDesc": "硬件服务器",
				"level": 2,
				"img": "img/2.gif",
				"url": "subpage2.html?id=121",
				"children": [
					{
						"id": 13,
						"productName": "浪潮服务器",
						"productId": "121",
						"fName": null,
						"fId": "12",
						"remark": "云盾DDoS高防IP是针对互联网服务器（包括非阿里云主机）在遭受大流量的DDoS攻击后导致服务不可用的情况下，推出的付费增值服务，用户可以通过配置高防IP，将攻击流量引流到高防IP，确保源站的稳定可靠。",
						"label": "",
						"attribute": "",
						"attrDesc": "",
						"level": 3,
						"img": null,
						"url": "subpage2.html?id=p1498629272865",
						"children": null
					}, {
						"id": 14,
						"productName": "戴尔服务器",
						"productId": "122",
						"fName": null,
						"fId": "12",
						"remark": "Web应用防火墙(Web Application Firewall, 简称 WAF), 是阿里基于10余年攻防经验完全自主研发的安全产品。其基于云安全大数据能力实现，通过防御SQL注入、XSS跨站脚本、常见Web服务器插件漏洞、木马上传、非授权核心资源访问等OWASP常见攻击，过滤海量恶意访问，避免您的网站资产数据泄露，保障网站的安全与可用性",
						"label": "",
						"attribute": "",
						"attrDesc": "",
						"level": 3,
						"img": null,
						"url": "subpage2.html?id=p1498632433318",
						"children": null
					}, {
						"id": 15,
						"productName": "IBM服务器",
						"productId": "123",
						"fName": null,
						"fId": "12",
						"remark": "加密服务 ( AliCloud Data Encryption Service ) 是云上的数据安全加密解决方案。服务底层使用经国家密码管理局检测认证的硬件密码机，通过虚拟化技术，帮助用户满足数据安全方面的监管合规要求，保护云上业务数据的隐私和机密。借助加密服务，用户能够对密钥进行安全可靠的管理，也能使用多种加密算法来对数据进行可靠的加解密运算。",
						"label": "",
						"attribute": "",
						"attrDesc": "",
						"level": 3,
						"img": null,
						"url": "subpage2.html?id=p1498634332628",
						"children": null
					}, {
						"id": 16,
						"productName": "数据库软件",
						"productId": "124",
						"fName": null,
						"fId": "12",
						"remark": "云镜是一款主机安全软件，通过安装在云服务器上轻量级的软件和云端安全中心的联动，为您提供漏洞管理、基线检查和入侵告警等功能。",
						"label": "",
						"attribute": "",
						"attrDesc": "",
						"level": 3,
						"img": null,
						"url": "subpage2.html?id=p1498635781360",
						"children": null
					}
				]
			}, {
				"id": 7,
				"productName": "网络安全产品",
				"productId": "13",
				"fName": null,
				"fId": "1",
				"remark": "为大中小型企业提供企业级应用集成、交付、运维的一站式解决方案。 业务涵盖：云产品咨询推荐、全方位代维、架构设计与实施、私有云设计与实施、云业务咨询等。",
				"label": "海量、高效、便捷",
				"attribute": "相关服务",
				"attrDesc": "为大中小型企业提供企业级应用集成、交付、运维的一站式解决方案。 业务涵盖：云产品咨询推荐、全方位代维、架构设计与实施、私有云设计与实施、云业务咨询等。",
				"level": 2,
				"img": "img/3.jpg",
				"url": "subpage3.html?id=13",
				"children": [
					{
						"id": 18,
						"productName": "绿盟全系列安全产品",
						"productId": "131",
						"fName": null,
						"fId": "13",
						"remark": "云数据库Redis版是兼容Redis协议标准的、提供持久化的内存数据库服务，基于高可靠双机热备架构及可无缝扩展的集群架构，满足高读写性能场景及容量需弹性变配的业务需求",
						"label": "",
						"attribute": "",
						"attrDesc": "",
						"level": 3,
						"img": null,
						"url": "subpage1.html?id=p1498533861255",
						"children": null
					}
				]
			}
		]
	},{
		"id": 4,
		"productName": "研云大数据",
		"productId": "2",
		"fName": null,
		"fId": "0",
		"remark": "研云大数据",
		"label": "111",
		"attribute": "11",
		"attrDesc": "11",
		"level": 1,
		"img": "upload/img/product/20170718102950464.png",
		"url": "subpage3.html?id=2",
		"children": [
			{
				"id": 23,
				"productName": "大数据  服务平台",
				"productId": "21",
				"fName": null,
				"fId": "2",
				"remark": "大量的大数据产品，包括大数据基础服务、数据分析及展现、数据应用、人工智能等。",
				"label": "大数据服务平台",
				"attribute": "大数据服务平台",
				"attrDesc": "大数据服务平台",
				"level": 2,
				"img": "upload/img/product/20170718103014409.png",
				"url": "subpage1.html?id=p1499221644429",
				"children": null
			}, {
				"id": 24,
				"productName": "人工智能",
				"productId": "22",
				"fName": null,
				"fId": "2",
				"remark": "快速构建自己的智能对话机器人。",
				"label": "人工智能",
				"attribute": "人工智能",
				"attrDesc": "人工智能",
				"level": 2,
				"img": "upload/img/product/20170718103036379.png",
				"url": "subpage1.html?id=p1499151258522",
				"children": null
			}, {
				"id": 25,
				"productName": "数据分析",
				"productId": "23",
				"fName": null,
				"fId": "2",
				"remark": "做出领导惊喜的可视化大屏，30分钟，老板也能上手的BI。",
				"label": "数据库",
				"attribute": "数据库",
				"attrDesc": "数据库",
				"level": 2,
				"img": "upload/img/product/20170718103052272.png",
				"url": "subpage1.html?id=p1499152172057",
				"children": null
			}
		]
	}, {
		"id": 5,
		"productName": "行业解决方案",
		"productId": "3",
		"fName": "wef",
		"fId": "0",
		"remark": "行业解决方案",
		"label": "行业解决方案",
		"attribute": "33",
		"attrDesc": "33",
		"level": 1,
		"img": "upload/img/product/20170718103143067.png",
		"url": "subpage3.html?id=3",
		"children": null
	}
]